{
    "mtx_left": [
        [
            1888.9793852850535,
            0.0,
            506.7521067291218
        ],
        [
            0.0,
            1887.951162846617,
            422.1303799576074
        ],
        [
            0.0,
            0.0,
            1.0
        ]
    ],
    "dist_left": [
        [
            -0.0007657407531554935,
            -1.5105259567620835,
            -0.012819838316889268,
            -0.001477221161070131,
            17.711153903997175
        ]
    ],
    "rect_left": [
        [
            0.9910081980606978,
            0.0002928603706843717,
            0.13380084308139367
        ],
        [
            0.002625282341356934,
            0.9997625399242904,
            -0.02163265255949467
        ],
        [
            -0.133775406069713,
            0.021789401022858212,
            0.990772104337798
        ]
    ],
    "proj_left": [
        [
            1956.7960380460077,
            0.0,
            340.033727645874,
            0.0
        ],
        [
            0.0,
            1956.7960380460077,
            465.0964546203613,
            0.0
        ],
        [
            0.0,
            0.0,
            1.0,
            0.0
        ]
    ],
    "mtx_right": [
        [
            1844.726650671767,
            0.0,
            505.6497746879884
        ],
        [
            0.0,
            1845.656684604266,
            507.0202698181606
        ],
        [
            0.0,
            0.0,
            1.0
        ]
    ],
    "dist_right": [
        [
            -0.1467549646528521,
            0.9702350444681115,
            -0.002106480124839182,
            -0.001829592773849215,
            -3.602455868641327
        ]
    ],
    "rect_right": [
        [
            0.9995387476626242,
            -0.003568384414753732,
            0.03015888846925941
        ],
        [
            0.0029112061227878233,
            0.9997579731316876,
            0.021806421956172505
        ],
        [
            -0.030229402904181336,
            -0.021708564952307243,
            0.9993072207323273
        ]
    ],
    "proj_right": [
        [
            1956.7960380460077,
            0.0,
            340.033727645874,
            -40900.20837963074
        ],
        [
            0.0,
            1956.7960380460077,
            465.0964546203613,
            0.0
        ],
        [
            0.0,
            0.0,
            1.0,
            0.0
        ]
    ],
    "R": [
        [
            0.9946026865997619,
            0.0025445595331546216,
            0.10372570089094613
        ],
        [
            0.001992420835326097,
            0.9990465088619374,
            -0.04361311029942653
        ],
        [
            -0.1037377755099402,
            0.0435843819223953,
            0.9936492719187651
        ]
    ],
    "T": [
        [
            -20.891979679057027
        ],
        [
            0.07458501719361366
        ],
        [
            -0.6303696445146694
        ]
    ],
    "E": [
        [
            -0.006481322156347991,
            0.6330193345199758,
            0.04661896719485423
        ],
        [
            -2.7942548398894775,
            0.9089600083585818,
            20.69391486383899
        ],
        [
            -0.11580807408462022,
            -20.872249147592992,
            0.9034278309317209
        ]
    ],
    "F": [
        [
            8.941347986714426e-09,
            -8.737613421153007e-07,
            0.00024282331503466226
        ],
        [
            3.852889046567663e-06,
            -1.254012106440818e-06,
            -0.05532330186440578
        ],
        [
            -0.0016632935992521149,
            0.05422442714691181,
            1.0
        ]
    ]
}