{
    "mtx_left": [
        [
            1846.3502856364926,
            0.0,
            507.50452835907026
        ],
        [
            0.0,
            1846.6401307984215,
            482.2110756896252
        ],
        [
            0.0,
            0.0,
            1.0
        ]
    ],
    "dist_left": [
        [
            -0.06499029508339438,
            -0.753585301466116,
            -0.004653596191091362,
            -0.001366485691606455,
            12.926348024795523
        ]
    ],
    "rect_left": [
        [
            0.9977407253180238,
            -0.0023942403076274285,
            0.06713950145192407
        ],
        [
            0.0030086554012756974,
            0.9999545063234144,
            -0.009051700181342114
        ],
        [
            -0.06711477508373218,
            0.009233249527975856,
            0.9977025378681835
        ]
    ],
    "proj_left": [
        [
            1853.3409514616974,
            0.0,
            475.30996322631836,
            0.0
        ],
        [
            0.0,
            1853.3409514616974,
            501.362606048584,
            0.0
        ],
        [
            0.0,
            0.0,
            1.0,
            0.0
        ]
    ],
    "mtx_right": [
        [
            1838.8158076060943,
            0.0,
            499.7378283517851
        ],
        [
            0.0,
            1838.8064078665384,
            520.2406446582571
        ],
        [
            0.0,
            0.0,
            1.0
        ]
    ],
    "dist_right": [
        [
            -0.13546192274602634,
            0.8914495463166038,
            -9.738448931569024e-06,
            -0.0019433378114141792,
            -3.1999703719675825
        ]
    ],
    "rect_right": [
        [
            0.999223324506217,
            0.0007796131302569455,
            -0.03939720759280496
        ],
        [
            -0.0004191189049355171,
            0.9999579797434346,
            0.009157679114953517
        ],
        [
            0.039402691558914654,
            -0.009134054455501191,
            0.9991816636363564
        ]
    ],
    "proj_right": [
        [
            1853.3409514616974,
            0.0,
            475.30996322631836,
            -38307.90166337692
        ],
        [
            0.0,
            1853.3409514616974,
            501.362606048584,
            0.0
        ],
        [
            0.0,
            0.0,
            1.0,
            0.0
        ]
    ],
    "R": [
        [
            0.9943200407814926,
            -0.0024476657142925608,
            0.1064033149523169
        ],
        [
            0.004399410757237419,
            0.9998262843933343,
            -0.018112046300967237
        ],
        [
            -0.10634049880116218,
            0.018477282505020967,
            0.994158080159262
        ]
    ],
    "T": [
        [
            -20.65359254310299
        ],
        [
            -0.016114327536883744
        ],
        [
            0.8143263402703497
        ]
    ],
    "E": [
        [
            -0.0018689504331696348,
            -0.8144826280584032,
            -0.0012710725480520966
        ],
        [
            -1.3866123332024782,
            0.37962906549918335,
            20.619582933100673
        ],
        [
            -0.07484083839608527,
            -20.650044134231564,
            0.3757934422901449
        ]
    ],
    "F": [
        [
            3.0172133210672417e-09,
            1.3146855432966105e-06,
            -0.0006316984580586513
        ],
        [
            2.238543363804973e-06,
            -6.127759860447191e-07,
            -0.062302263593949414
        ],
        [
            -0.0009439192166558916,
            0.060953155168071024,
            1.0
        ]
    ]
}