Label,Distance,Crow,
10m,9.96376811594203,9.903526597544078
3m,3.109260972350704,2.910441168308208
4m,4.1164863577600865,3.9684535947425292
5m,5.0977418267610375,4.978969344383329
6m,6.046976511744128,5.947191684617638
7m,7.071061243571762,6.98591948925427
8m,7.971014492753623,7.895583325105771
9m,8.856682769726248,8.788856221577744
