{
    "mtx_left": [
        [
            1930.2717592867716,
            0.0,
            495.8522792005191
        ],
        [
            0.0,
            1920.4776104992015,
            419.2874627528298
        ],
        [
            0.0,
            0.0,
            1.0
        ]
    ],
    "dist_left": [
        [
            -0.04621814549251311,
            -0.9770971015178267,
            -0.012999112119409819,
            -0.004127599369957572,
            24.139663173137166
        ]
    ],
    "rect_left": [
        [
            0.986961907834539,
            1.671465880185327e-05,
            0.1609540064870312
        ],
        [
            0.0025511787587337476,
            0.9998727452235371,
            -0.015747534603512386
        ],
        [
            -0.16093378753558274,
            0.015952839238455804,
            0.9868362695754974
        ]
    ],
    "proj_left": [
        [
            1286.285238335429,
            0.0,
            271.22965240478516,
            0.0
        ],
        [
            0.0,
            1286.285238335429,
            452.16907501220703,
            0.0
        ],
        [
            0.0,
            0.0,
            1.0,
            0.0
        ]
    ],
    "mtx_right": [
        [
            1861.459870495612,
            0.0,
            490.7232651328783
        ],
        [
            0.0,
            1862.6698638073174,
            483.0823231959266
        ],
        [
            0.0,
            0.0,
            1.0
        ]
    ],
    "dist_right": [
        [
            -0.1621996062427773,
            1.4505946803530037,
            -0.004649656706947102,
            -0.0015741873623239947,
            -5.766118966692343
        ]
    ],
    "rect_right": [
        [
            0.9984510473845555,
            -0.004664051220031157,
            0.05544143399030363
        ],
        [
            0.0037814837452657575,
            0.9998646301245486,
            0.016013176030501276
        ],
        [
            -0.05550861516349117,
            -0.015778721498158704,
            0.9983335242245023
        ]
    ],
    "proj_right": [
        [
            1286.285238335429,
            0.0,
            271.22965240478516,
            -27080.577871132777
        ],
        [
            0.0,
            1286.285238335429,
            452.16907501220703,
            0.0
        ],
        [
            0.0,
            0.0,
            1.0,
            0.0
        ]
    ]
}