{
    "mtx_left": [
        [
            1930.2717686737751,
            0.0,
            495.85227859410855
        ],
        [
            0.0,
            1920.4776166772008,
            419.2874634571373
        ],
        [
            0.0,
            0.0,
            1.0
        ]
    ],
    "dist_left": [
        [
            -0.046218151434897284,
            -0.9770968207036508,
            -0.012999112169027651,
            -0.004127599294185602,
            24.139660792872704
        ]
    ],
    "rect_left": [
        [
            0.986960938031987,
            1.6652189253767852e-05,
            0.1609599531614152
        ],
        [
            0.0025513310917025566,
            0.9998727456405718,
            -0.015747483444811586
        ],
        [
            -0.16093973253575666,
            0.015952813165354147,
            0.9868353004647891
        ]
    ],
    "proj_left": [
        [
            1286.2601645730454,
            0.0,
            271.2174816131592,
            0.0
        ],
        [
            0.0,
            1286.2601645730454,
            452.1687202453613,
            0.0
        ],
        [
            0.0,
            0.0,
            1.0,
            0.0
        ]
    ],
    "mtx_right": [
        [
            1861.4569600729785,
            0.0,
            490.72371422004295
        ],
        [
            0.0,
            1862.666843507627,
            483.0821030128106
        ],
        [
            0.0,
            0.0,
            1.0
        ]
    ],
    "dist_right": [
        [
            -0.1622053808146702,
            1.4506475843918032,
            -0.004649965702879399,
            -0.0015745510159321464,
            -5.7664204262214405
        ]
    ],
    "rect_right": [
        [
            0.9984507145617452,
            -0.004664338398364389,
            0.055447403351698406
        ],
        [
            0.003781677787816315,
            0.9998646296605811,
            0.016013159176687514
        ],
        [
            -0.055514588211113734,
            -0.015778666008707403,
            0.998333192974538
        ]
    ],
    "proj_right": [
        [
            1286.2601645730454,
            0.0,
            271.2174816131592,
            -27080.085703321707
        ],
        [
            0.0,
            1286.2601645730454,
            452.1687202453613,
            0.0
        ],
        [
            0.0,
            0.0,
            1.0,
            0.0
        ]
    ],
    "R": [
        [
            0.9943760051132158,
            0.0029122090894078924,
            0.10586727300399029
        ],
        [
            0.00048688020341080933,
            0.9994856007453378,
            -0.03206706800439902
        ],
        [
            -0.10590620096457698,
            0.03193826765732285,
            0.9938630809403778
        ]
    ],
    "T": [
        [
            -21.020732559069618
        ],
        [
            0.09819994978926157
        ],
        [
            -1.167353600886037
        ]
    ],
    "E": [
        [
            -0.00983162225844117,
            1.1698894513441191,
            0.060163697340953275
        ],
        [
            -3.387014337027038,
            0.6679662050575131,
            20.76814548242345
        ],
        [
            -0.10788225231796833,
            -21.010205488695135,
            0.6636770995806522
        ]
    ],
    "F": [
        [
            1.1177449746619523e-08,
            -1.3368158188060605e-06,
            0.00042293838969777447
        ],
        [
            3.848153540312519e-06,
            -7.627795769508152e-07,
            -0.04713442722762817
        ],
        [
            -0.0016361514515325156,
            0.04571446104035478,
            0.9999999999999999
        ]
    ]
}