{
    "mtx_left": [
        [
            1930.551031285599,
            0.0,
            494.63585191284136
        ],
        [
            0.0,
            1920.6423944202156,
            417.9634190267929
        ],
        [
            0.0,
            0.0,
            1.0
        ]
    ],
    "dist_left": [
        [
            -0.048559369417406975,
            -0.8430176644700564,
            -0.013178682441746744,
            -0.004335851115444972,
            22.368839175744892
        ]
    ],
    "mtx_right": [
        [
            1878.276054541616,
            0.0,
            500.0466772204157
        ],
        [
            0.0,
            1877.100962435167,
            474.29176857847926
        ],
        [
            0.0,
            0.0,
            1.0
        ]
    ],
    "dist_right": [
        [
            -0.15250236225169114,
            1.4431208174541894,
            -0.00567856591749345,
            0.0024203152056679455,
            -5.475876258478291
        ]
    ]
}