{
    "mtx_left": [
        [
            1857.9245821004558,
            0.0,
            518.0376935944084
        ],
        [
            0.0,
            1857.824117526902,
            462.83387251554103
        ],
        [
            0.0,
            0.0,
            1.0
        ]
    ],
    "dist_left": [
        [
            0.001602090710501223,
            -2.243452519689074,
            -0.0075367945408990455,
            0.0009087753120616618,
            27.819333195074503
        ]
    ],
    "rect_left": [
        [
            0.9985634093383893,
            -0.0005695395998726081,
            0.05357978308220808
        ],
        [
            0.0007914930965062202,
            0.9999911939352374,
            -0.004121357865638063
        ],
        [
            -0.053576963978658576,
            0.004157845189837,
            0.9985550667109985
        ]
    ],
    "proj_left": [
        [
            1892.2697271029533,
            0.0,
            512.6563301086426,
            0.0
        ],
        [
            0.0,
            1892.2697271029533,
            472.8581848144531,
            0.0
        ],
        [
            0.0,
            0.0,
            1.0,
            0.0
        ]
    ],
    "mtx_right": [
        [
            1861.4598704966875,
            0.0,
            490.7232651379656
        ],
        [
            0.0,
            1862.6698638093249,
            483.08232321625763
        ],
        [
            0.0,
            0.0,
            1.0
        ]
    ],
    "dist_right": [
        [
            -0.16219960625829183,
            1.45059468117303,
            -0.004649656705301124,
            -0.0015741873595914338,
            -5.766118973775288
        ]
    ],
    "rect_right": [
        [
            0.9980413808706512,
            0.0002261688652257873,
            -0.06255678154643265
        ],
        [
            3.301321918922039e-05,
            0.9999914209856937,
            0.004142084637044829
        ],
        [
            0.06255718168149083,
            -0.004136037071580295,
            0.9980328111928041
        ]
    ],
    "proj_right": [
        [
            1892.2697271029533,
            0.0,
            512.6563301086426,
            -39111.83599379089
        ],
        [
            0.0,
            1892.2697271029533,
            472.8581848144531,
            0.0
        ],
        [
            0.0,
            0.0,
            1.0,
            0.0
        ]
    ],
    "R": [
        [
            0.9932560062031709,
            -0.0002753080833005618,
            0.11594149536203982
        ],
        [
            0.001238926568620131,
            0.9999652891825104,
            -0.008239265203642274
        ],
        [
            -0.1159352026016438,
            0.00832734264922806,
            0.9932218705617181
        ]
    ],
    "T": [
        [
            -20.628787875496005
        ],
        [
            -0.004674745590947087
        ],
        [
            1.2930030772561358
        ]
    ],
    "E": [
        [
            -0.001059968288522623,
            -1.2929971242706415,
            0.006010335702398253
        ],
        [
            -1.107319629248123,
            0.17142701087859546,
            20.63887599140583
        ],
        [
            -0.020914334241700843,
            -20.628073120400277,
            0.17050805113014336
        ]
    ],
    "F": [
        [
            1.5887332023543543e-09,
            1.938113214796513e-06,
            -0.0009145847493591624
        ],
        [
            1.6586275999786601e-06,
            -2.567903068552402e-07,
            -0.05817715071906528
        ],
        [
            -0.0007436812925049557,
            0.056729413624407685,
            1.0
        ]
    ]
}