{
    "mtx_left": [
        [
            1930.2717686737751,
            0.0,
            495.85227859410855
        ],
        [
            0.0,
            1920.4776166772008,
            419.2874634571373
        ],
        [
            0.0,
            0.0,
            1.0
        ]
    ],
    "dist_left": [
        [
            -0.046218151434897284,
            -0.9770968207036508,
            -0.012999112169027651,
            -0.004127599294185602,
            24.139660792872704
        ]
    ],
    "rect_left": [
        [
            0.9869619058036468,
            1.6714444292034508e-05,
            0.16095401894038144
        ],
        [
            0.002551179145570722,
            0.999872745225875,
            -0.015747534392397115
        ],
        [
            -0.160933799984343,
            0.015952839092145222,
            0.986836267547712
        ]
    ],
    "proj_left": [
        [
            2164.3293098032914,
            0.0,
            271.22962760925293,
            0.0
        ],
        [
            0.0,
            2164.3293098032914,
            452.1690673828125,
            0.0
        ],
        [
            0.0,
            0.0,
            1.0,
            0.0
        ]
    ],
    "mtx_right": [
        [
            1861.4598704966875,
            0.0,
            490.7232651379656
        ],
        [
            0.0,
            1862.6698638093249,
            483.08232321625763
        ],
        [
            0.0,
            0.0,
            1.0
        ]
    ],
    "dist_right": [
        [
            -0.16219960625829183,
            1.45059468117303,
            -0.004649656705301124,
            -0.0015741873595914338,
            -5.766118973775288
        ]
    ],
    "rect_right": [
        [
            0.9984510466978573,
            -0.004664051683123478,
            0.05544144631816622
        ],
        [
            0.003781484021539143,
            0.9998646301257055,
            0.016013175893024256
        ],
        [
            -0.05550862749652344,
            -0.0157787212879638,
            0.998333523542092
        ]
    ],
    "proj_right": [
        [
            2164.3293098032914,
            0.0,
            271.22962760925293,
            -45566.32301262386
        ],
        [
            0.0,
            2164.3293098032914,
            452.1690673828125,
            0.0
        ],
        [
            0.0,
            0.0,
            1.0,
            0.0
        ]
    ],
    "R": [
        [
            0.9943760094986692,
            0.002912171161364649,
            0.10586723285620275
        ],
        [
            0.0004869220305941007,
            0.9994855992192245,
            -0.0320671149360805
        ],
        [
            -0.105906159596308,
            0.03193831887427062,
            0.9938630837027034
        ]
    ],
    "T": [
        [
            -21.020711912949107
        ],
        [
            0.09819378436458606
        ],
        [
            -1.167226650666315
        ]
    ],
    "E": [
        [
            -0.009830978227375312,
            1.1697623727623776,
            0.06016158616565281
        ],
        [
            -3.3868850497508687,
            0.667967036249101,
            20.7681385078077
        ],
        [
            -0.1078769911832167,
            -21.01018479943568,
            0.6636780807164182
        ]
    ],
    "F": [
        [
            1.117693930892078e-08,
            -1.3366971283451522e-06,
            0.00042289089090042975
        ],
        [
            3.848082774515327e-06,
            -7.627956159577992e-07,
            -0.04713527114115992
        ],
        [
            -0.0016361241051646737,
            0.045715322656423495,
            0.9999999999999999
        ]
    ]
}