{
    "mtx_left": [
        [
            1846.35039430099,
            0.0,
            507.5048109939693
        ],
        [
            0.0,
            1846.6402114083708,
            482.21097933085355
        ],
        [
            0.0,
            0.0,
            1.0
        ]
    ],
    "dist_left": [
        [
            -0.06498883571731136,
            -0.7536257737838954,
            -0.004653625396903641,
            -0.0013664034305272189,
            12.926718639483678
        ]
    ],
    "rect_left": [
        [
            0.9977406458959078,
            -0.002394290713559304,
            0.06714067991311656
        ],
        [
            0.0030087191545690468,
            0.9999545058213928,
            -0.009051734449451657
        ],
        [
            -0.06711595291929885,
            0.009233290825779518,
            0.997702458253091
        ]
    ],
    "proj_left": [
        [
            1764.008003833565,
            0.0,
            475.30795669555664,
            0.0
        ],
        [
            0.0,
            1764.008003833565,
            501.3625831604004,
            0.0
        ],
        [
            0.0,
            0.0,
            1.0,
            0.0
        ]
    ],
    "mtx_right": [
        [
            1838.8154289879399,
            0.0,
            499.7379521632605
        ],
        [
            0.0,
            1838.8060305623608,
            520.240654190432
        ],
        [
            0.0,
            0.0,
            1.0
        ]
    ],
    "dist_right": [
        [
            -0.13546114991745217,
            0.8914234420205408,
            -9.692765436630692e-06,
            -0.0019433618075120123,
            -3.199815170426377
        ]
    ],
    "rect_right": [
        [
            0.9992233665519378,
            0.0007795508246879554,
            -0.03939614241424319
        ],
        [
            -0.00041906485446154896,
            0.9999579794308218,
            0.009157715723697198
        ],
        [
            0.03940162587076019,
            -0.00913409399667116,
            0.999181705299692
        ]
    ],
    "proj_right": [
        [
            1764.008003833565,
            0.0,
            475.30795669555664,
            -729.2284612585947
        ],
        [
            0.0,
            1764.008003833565,
            501.3625831604004,
            0.0
        ],
        [
            0.0,
            0.0,
            1.0,
            0.0
        ]
    ],
    "known_R":[
        [
            0.9952274,
            0.0,
            0.0975829
        ],
        [
            0.0,
            1.0,
            0.0
        ],
        [
            -0.0975829,
            0.0,
            0.9952274
        ]
    ],
    "known_T":[
        [
            -0.5
        ],
        [
            0.0
        ],
        [
            0.02
        ]
    ],

    "R": [
        [
            0.9943200286224734,
            -0.002447670346083722,
            0.10640342846957804
        ],
        [
            0.00439942569245165,
            0.999826282946304,
            -0.018112122552415604
        ],
        [
            -0.10634061187420499,
            0.018477360191705632,
            0.9941580666204775
        ]
    ],
    "T": [
        [
            -0.4130718888240668
        ],
        [
            -0.00032226081011225337
        ],
        [
            0.016286087279551657
        ]
    ],
    "E": [
        [
            -3.7380019076755554e-05,
            -0.01628921263751733,
            -2.5402575222170133e-05
        ],
        [
            -0.02773273463563294,
            0.0075926151019825765,
            0.4123916458915021
        ],
        [
            -0.0014968487025874139,
            -0.4130009199808043,
            0.007515898328396619
        ]
    ],
    "F": [
        [
            3.017285595923259e-09,
            1.3146460128654791e-06,
            -0.0006316821315015415
        ],
        [
            2.2385758623892976e-06,
            -6.127768364678701e-07,
            -0.06230209290202268
        ],
        [
            -0.0009439321710126834,
            0.06095298044224839,
            1.0
        ]
    ]
}