{
    "known_r": [
        [
            0.9952274,
            0.0,
            0.0975829
        ],
        [
            0.0,
            1.0,
            0.0
        ],
        [
            -0.0975829,
            0.0,
            0.9952274
        ]
    ],
    "known_t": [
        [
            -0.5
        ],
        [
            0.0
        ],
        [
            0.02
        ]
    ],
    "mtx_left": [
        [
            1846.3499754208578,
            0.0,
            507.5043642933249
        ],
        [
            0.0,
            1846.6398526402904,
            482.21122726271557
        ],
        [
            0.0,
            0.0,
            1.0
        ]
    ],
    "dist_left": [
        [
            -0.06499071642727158,
            -0.7535788493612476,
            -0.004653551866775429,
            -0.001366524944213899,
            12.926281767949671
        ]
    ],
    "rect_left": [
        [
            0.9977407106703658,
            -0.0023942586951346636,
            0.0671397184704719
        ],
        [
            0.0030086729622449547,
            0.9999545066581487,
            -0.009051657365630721
        ],
        [
            -0.06711499205095467,
            0.009233208508383895,
            0.9977025236525369
        ]
    ],
    "proj_left": [
        [
            1764.0070350382546,
            0.0,
            475.309383392334,
            0.0
        ],
        [
            0.0,
            1764.0070350382546,
            501.3626594543457,
            0.0
        ],
        [
            0.0,
            0.0,
            1.0,
            0.0
        ]
    ],
    "mtx_right": [
        [
            1838.8153655719718,
            0.0,
            499.7377788093702
        ],
        [
            0.0,
            1838.8059271856205,
            520.2406304976619
        ],
        [
            0.0,
            0.0,
            1.0
        ]
    ],
    "dist_right": [
        [
            -0.1354620817559941,
            0.8914544053668814,
            -9.778319649280786e-06,
            -0.0019433929694166806,
            -3.200011446483565
        ]
    ],
    "rect_right": [
        [
            0.9992233343027779,
            0.000779591952964246,
            -0.03939695954291495
        ],
        [
            -0.0004191016505851533,
            0.9999579801383303,
            0.00915763678452695
        ],
        [
            0.039402443308070134,
            -0.009134013031396312,
            0.9991816738047674
        ]
    ],
    "proj_right": [
        [
            1764.0070350382546,
            0.0,
            475.309383392334,
            -875.0736693391755
        ],
        [
            0.0,
            1764.0070350382546,
            501.3626594543457,
            0.0
        ],
        [
            0.0,
            0.0,
            1.0,
            0.0
        ]
    ],
    "R": [
        [
            0.9943200440764519,
            -0.0024476707659832056,
            0.10640328404529632
        ],
        [
            0.004399406379402272,
            0.9998262859164535,
            -0.018111963284495988
        ],
        [
            -0.10634046817327604,
            0.018477199417969364,
            0.9941580849796259
        ]
    ],
    "T": [
        [
            -0.4956862485634559
        ],
        [
            -0.00038673337312006826
        ],
        [
            0.019543710009795944
        ]
    ],
    "E": [
        [
            -4.485531453846602e-05,
            -0.019547460741779217,
            -3.04991514784973e-05
        ],
        [
            -0.03327880514093508,
            0.009111057095802275,
            0.49487000655005137
        ],
        [
            -0.0017961884995054671,
            -0.4956010874770317,
            0.009019000835560755
        ]
    ],
    "F": [
        [
            3.0172384322011157e-09,
            1.3146734583340433e-06,
            -0.0006316936721766319
        ],
        [
            2.238544223264318e-06,
            -6.127714786858012e-07,
            -0.06230207944570865
        ],
        [
            -0.000943919309634751,
            0.06095296784101977,
            1.0
        ]
    ]
}